product, image url
Balenciaga The Simpsons Mini Shopping Bag In Shiny Box Calfskin 593826 23VBN,https://i.ebayimg.com/images/g/MN8AAOSwN0VmR5Oc/s-l300.jpg
Coach (CM184) Track Green Signature Camo Print Coated Canvas Leather Belt Bag,https://i.ebayimg.com/images/g/2-EAAOSwqBNlbkJf/s-l300.jpg
"NEW Authentic BOTTEGA VENETA Intrecciomirage Messenger Bag, Large, 298786 8414",https://i.ebayimg.com/images/g/8xYAAOSw-W5Usghn/s-l300.jpg
Saint-Laurent Paris Black/brown Canvas Wallet w/a Slip Pocket Holder 361321 1059,https://i.ebayimg.com/images/g/d2IAAOSwf7Ja4NUD/s-l300.jpg
Bally Hilbert Logo Print Belt Bag In Black MAS035 VT323 I9G7P,https://i.ebayimg.com/images/g/8a8AAOSwLENmR5Ic/s-l300.jpg
Balenciaga Cash Black Calfskin Leather Perforated Bifold Wallet 436118,https://i.ebayimg.com/images/g/PD0AAOSwrD5lWRDW/s-l300.jpg
Bally 36 Hours Spiro Bar Weekender Duffle Bag MAT01F CV043 I113O,https://i.ebayimg.com/images/g/TjsAAOSw0dhmR5Bv/s-l300.jpg
NEW BOTTEGA VENETA Mens Leather Bifold Wallet w/Woven Detail Brown 196207 6318,https://i.ebayimg.com/images/g/n9YAAOSwHmhV8GeV/s-l300.jpg
Coach (2540) West Black Pebbled Leather Sling Pack Shoulder Bag,https://i.ebayimg.com/images/g/I9AAAOSwEMNmCwVR/s-l300.jpg
Saint Laurent YSL Men's Black/Brown Leather Zip Around Wallet 343799 1059,https://i.ebayimg.com/images/g/LN4AAOSwADxbbeuE/s-l300.jpg
Saint Laurent YSL Men's Black Leather Crocodile Imprint Card Case 396935 1000,https://i.ebayimg.com/images/g/TeoAAOSwaMtbbe1Y/s-l300.jpg
YSL Saint-Laurent Paris Men/Unisex Fuchsia Leather Card Holder 327211 5514,https://i.ebayimg.com/images/g/v6AAAOSwZTJa4NYJ/s-l300.jpg
BOTTEGA VENETA Milk White Leather Zip Around Tote Bag Woven Detail 261226 9012,https://i.ebayimg.com/images/g/wxoAAOSwnHZYYx-X/s-l300.jpg
Bottega Veneta - Men's Unisex Foldable Nylon Nappa Intrecciato Shopping Tote,https://i.ebayimg.com/images/g/odkAAOSwGrhh5RyE/s-l300.jpg
Bally Valery Zebra Printed Washbag MLN00O VT436 I528P,https://i.ebayimg.com/images/g/6DcAAOSwNG9mNP-w/s-l300.jpg
Coach Men's Black Metropolitan Soft Belt Bag 69354 QB/BK,https://i.ebayimg.com/images/g/I6EAAOSwAcxmR555/s-l300.jpg
Marcelo Burlon Black Black All Over Cross Tape Belt Bag CMNO005F22FAB001-1010,https://i.ebayimg.com/images/g/8GQAAOSwiiFmR5EY/s-l300.jpg
Prada Navy Blue Saffiano Leather Belt Silver Belt Buckle 2CM046 Size 100 / 40,https://i.ebayimg.com/images/g/Bd4AAOSw7mplWoxK/s-l300.jpg
Prada Navy Blue Saffiano Leather Belt Brushed Silver Buckle 105/42 2CM046,https://i.ebayimg.com/images/g/bToAAOSw-bhh0j5q/s-l300.jpg
Salvatore Ferragamo Black Gancini Tote Bag 240100 740865 001,https://i.ebayimg.com/images/g/~S8AAOSw6b1mR6HG/s-l300.jpg
Prada Black Saffiano Leather Vertical Logo Card Holder 2MC101,https://i.ebayimg.com/images/g/0JMAAOSwW8FlWRDY/s-l300.jpg
Gucci Unisex Microguccissima GG Black Money Clip Wallet 544478,https://i.ebayimg.com/images/g/xLEAAOSwo-Jjo3FR/s-l300.jpg
Prada Portaf. Orizzontale Nero Black Vitello Grain Leather Wallet,https://i.ebayimg.com/images/g/EKwAAOSwepZlalA2/s-l300.jpg
Montblanc Meistersuuck Soft Grain Mini Envelope Bag 127323,https://i.ebayimg.com/images/g/fDIAAOSwuKBmR55y/s-l300.jpg
Michael Kors Cerise Crocodile Embossed Leather Chantal Extra-Small Messenger Bag,https://i.ebayimg.com/images/g/KiQAAOSw67FmR5IJ/s-l300.jpg
Michael Kors Ladies Hally Extra Small Presbyopia Leather Crossbody Bag - Brown,https://i.ebayimg.com/images/g/m94AAOSwoQpmR55S/s-l300.jpg
Kara Ladies Reflective Reflective Knot Armpit Shoulder Bag HB345E-0995,https://i.ebayimg.com/images/g/VJIAAOSwOtVmR5PB/s-l300.jpg
Michael Kors Signature Logo-print Small Hally Shoulder Bag - Light Sage,https://i.ebayimg.com/images/g/-I8AAOSwqMZmR48x/s-l300.jpg
Tory Burch Basketweave Printed Small Canvas Tote Bag 146547-100,https://i.ebayimg.com/images/g/gPoAAOSwAwxmR5MR/s-l300.jpg
Tory Burch Canyon Flower Nylon Mini Perry Tote Bag 145654-650,https://i.ebayimg.com/images/g/4~UAAOSw77JmR5J7/s-l300.jpg
Michael Kors Ladies Greenwich Small Logo And Leather Crossbody Bag - Cerise,https://i.ebayimg.com/images/g/818AAOSwTQZmR5KZ/s-l300.jpg
Michael Kors Red Ladies Bradshaw Small Logo Convertible Shoulder Bag,https://i.ebayimg.com/images/g/dGYAAOSwZqpmR55H/s-l300.jpg
Furla Ladies Begonias Metropolis Mini Crossbody Bag WB00828AX07332005S1007,https://i.ebayimg.com/images/g/oBgAAOSwp11mR5J2/s-l300.jpg
Michael Kors Ladies Light Sage Sinclair Small Signature Tote Bag 30S2G5ST0B-378,https://i.ebayimg.com/images/g/8MIAAOSwqDRmR4~R/s-l300.jpg
Themoire Ladies Canary Tia Sea Sponge Clutch Bag TMPS23TT46,https://i.ebayimg.com/images/g/bacAAOSwbIVmR5H3/s-l300.jpg
By Far Purple Haze Karo Embossed Shoulder Bag 23CRKROSPRHEPLSMA-Purple Haze,https://i.ebayimg.com/images/g/hkwAAOSwH3hmR5HO/s-l300.jpg
Michael Kors Cece Black Medium Shoulder Bag 30S9G0EL2L-001,https://i.ebayimg.com/images/g/OHMAAOSwyU5mR49A/s-l300.jpg
Michael Kors Patent Leather Extra-small Greenwich Crossbody Bag 32F1GGRC5L,https://i.ebayimg.com/images/g/X6QAAOSwF8BmR564/s-l300.jpg
Furla Begonias 1927 Mini Crossbody Bag BAFKACOARE0002005S1007,https://i.ebayimg.com/images/g/RNsAAOSwNGdmRnNg/s-l300.jpg
Michael Kors Cece Pink Shoulder Bag 30S9G0EL2L-187,https://i.ebayimg.com/images/g/cg8AAOSwFodmR4-h/s-l300.jpg
Michael Kors Ladies Hally Extra-small Shoulder Bag in Pale Blue 30F1G2HL1L-487,https://i.ebayimg.com/images/g/~WUAAOSwy0FmI9xp/s-l300.jpg
Michael Kors Signature Jet Set North South Crossbody Bag 32S1GT9C9B 252,https://i.ebayimg.com/images/g/rPgAAOSw1VxmR5DW/s-l300.jpg
Furla Blu Jay Denim Opportunity Mini Tote Bag WB00831BX15442157S1003,https://i.ebayimg.com/images/g/SzsAAOSwOLBmRnMq/s-l300.jpg
Michael Kors Medium Striped Straw And Leather Parker Bag 32S3G7PC8Y-969,https://i.ebayimg.com/images/g/ODAAAOSwtPtmRnOo/s-l300.jpg
Michael Kors Ladies Palm Small Chantal Tote Bag 30F2S7CM1T-322,https://i.ebayimg.com/images/g/K9gAAOSwhapmR5PC/s-l300.jpg
Saint Laurent iPad Pro Sleeve Smooth Hot Pink Calfskin Leather Logo New,https://i.ebayimg.com/images/g/oqkAAOSwZZFkR-Tt/s-l300.jpg
Michael Kors Pink Whitney Quilted Shoulder Bag 30F8GXIL1T-688,https://i.ebayimg.com/images/g/OKEAAOSwAThmR552/s-l300.jpg
Saint Laurent iPad Pro Sleeve Smooth Black Calfskin Leather Gold Logo New,https://i.ebayimg.com/images/g/Mx4AAOSwo5FkR-G4/s-l300.jpg
Michael Kors Ladies Hally Extra-Small Embellished Leather Crossbody Bag,https://i.ebayimg.com/images/g/77AAAOSwcmlmR496/s-l300.jpg
Fendi Monster Zip Pouch Clutch Cosmetic Bag Travel Purple Blue Leather New,https://i.ebayimg.com/images/g/f2MAAOSwOBBg~IVg/s-l300.jpg
Michael Kors Ladies Greenwich Small Presbyopia Crossbody Bag - Brown/Acorn,https://i.ebayimg.com/images/g/yTUAAOSwOAFmR47u/s-l300.jpg
Furla Toni Marshmallow Opportunity Mini Tote Bag WB00831BX15041834S1003,https://i.ebayimg.com/images/g/WtYAAOSwnGNmR5Iu/s-l300.jpg
Michael Kors Signature Logo-print Small Hally Shoulder Bag 30F1G2HL1B-252,https://i.ebayimg.com/images/g/vwEAAOSwCCpmR4-l/s-l300.jpg
Furla Ladies Opportunity S Tote Bag WB00299BX15442157S1003,https://i.ebayimg.com/images/g/WQ8AAOSwKQxmR5OM/s-l300.jpg
Michael Kors Cece Mini Pink Leather Crossbody Bag 32S9G0EC0L-187,https://i.ebayimg.com/images/g/cogAAOSwkRxmR4-W/s-l300.jpg
Valentino Rockstud Grainy Leather Tote Women's Pink Os,https://i.ebayimg.com/images/g/zUgAAOSwwitmMXCF/s-l300.jpg
Valentino Rockstud Grainy Leather Crossbody Women's Pink,https://i.ebayimg.com/images/g/yEUAAOSwctxmNLqn/s-l300.jpg
Jimmy Choo Beach Ns Raffia Tote Women's Pink,https://i.ebayimg.com/images/g/Y7sAAOSwxHBmRv8z/s-l300.jpg
Valentino Rockstud Grainy Leather Crossbody Women's Pink,https://i.ebayimg.com/images/g/BV4AAOSwGFhmTZXT/s-l300.jpg
Versace La Medusa Mini Canvas & Leather Tote Women's Pink,https://i.ebayimg.com/images/g/5tAAAOSwsDBmOdZ-/s-l300.jpg
Valextra Dado Leather Clutch Women's Pink,https://i.ebayimg.com/images/g/pcoAAOSwzSxmRTa8/s-l300.jpg
