Oakley Men's Oil Rig 50mm Polished Black Polarized Sunglasses OO9081-26-203,79.99,https://i.ebayimg.com/images/g/ZLgAAOSwlCVoCntQ/s-l300.jpg
Oakley Men's Valve 60mm Sunglasses - Multi Color/Lens Options,59.99,https://i.ebayimg.com/images/g/1WUAAOSwzoNoC5Qz/s-l300.jpg
Peter Grimm Niki Plaid UV Protection Bucket Hat OSFM NWT Brown Multi,9.95,https://i.ebayimg.com/images/g/gjUAAOSwBO5m0yy8/s-l300.jpg
Polo Ralph Lauren Beanie Hat Pony Wool Blend,39.95,https://i.ebayimg.com/images/g/awcAAOSwNidndGpY/s-l300.jpg
SolarShield Polarized ClipOn STRETCHABLE Sunglasses/ ALL SIZES w/SIZING GUIDE 9z,10.40,https://i.ebayimg.com/images/g/kOcAAOSwuh1mwUkv/s-l300.jpg
Carrera Men's Sunglasses Black Red Gold Plastic Navigator Frame 1001/S 0OIT 00,41.99,https://i.ebayimg.com/images/g/IDkAAOSw~-Rn5sFf/s-l300.jpg
Gucci Grey Square Men's Sunglasses GG0010S 001 58 GG0010S 001 58,207.99,https://i.ebayimg.com/images/g/L74AAOSw2A1mrOIA/s-l300.jpg
Tom Ford Fausto Gradient Brown Browline Men's Sunglasses FT0711 47Q 53,167.99,https://i.ebayimg.com/images/g/~A8AAOSwrzhnXaqA/s-l300.jpg
Gucci Grey Rectangular Men's Sunglasses GG0746S 001 57 GG0746S 001 57,123.99,https://i.ebayimg.com/images/g/pskAAOSw98xncjb8/s-l300.jpg
YP Classics Yupoong Flat Bill Trucker Cap Structured Meshback Snapback Hat 6006,11.92,https://i.ebayimg.com/images/g/rQkAAOSwZz5lvIyN/s-l300.jpg
Gucci Unisex-Adult Supreme iPhone 6 Case,59.99,https://i.ebayimg.com/images/g/0woAAOSwinJnBndh/s-l300.jpg
Gucci Unisex-Adult GG Supreme Selleria iPhone 8 Plus Case,59.99,https://i.ebayimg.com/images/g/lUMAAOSwILRnG6MI/s-l300.jpg
Saint Laurent Womens Cat Eye Yellow Yellow Green Fashion Designer Eyewear,159.99,https://i.ebayimg.com/images/g/lR4AAeSwRFtoEZl6/s-l300.jpg
Saint Laurent Womens Cat Eye Havana Havana Green Fashion Designer Eyewear,125.99,https://i.ebayimg.com/images/g/BWwAAeSwWXpoEZmS/s-l300.jpg
Balenciaga Womens Cat Eye Green Silver Grey Fashion Designer Eyewear,125.99,https://i.ebayimg.com/images/g/WxAAAeSwfhpnuPA9/s-l300.jpg
Balenciaga Womens Cat Eye Beige Beige Grey Fashion Designer Eyewear,125.99,https://i.ebayimg.com/images/g/NMoAAeSwoQ1n3FDL/s-l300.jpg
Gucci Womens Beaded Headband,399.99,https://i.ebayimg.com/images/g/yn4AAOSw8tJnNgDv/s-l300.jpg
Barbara Bolan Auth Vintage Beige Medium Leather Clutch Shoulder Bag Lined Purse,34.41,https://i.ebayimg.com/images/g/LbsAAOSw7XBnhebb/s-l300.jpg
"Gucci $1,800 Auth Black Leather Matelasse Mini GG Marmont Chain Shoulder Bag",722.61,https://i.ebayimg.com/images/g/A20AAOSwo0hnlu-j/s-l300.jpg
Paloma Picasso Vintage Auth Red Leather Rope Chain Shoulder Bag Crossbody,108.81,https://i.ebayimg.com/images/g/khUAAOSwOh9nl9nO/s-l300.jpg
Yves Saint Laurent Auth Large Black Patent Leather Acrylic Handle Bag Roady Hobo,257.61,https://i.ebayimg.com/images/g/ZL8AAOSwXjNnl-Se/s-l300.jpg
Saint Laurent Womens Cat Eye Black Black Black Fashion Designer Eyewear,169.99,https://i.ebayimg.com/images/g/eLEAAeSwgaFoCr59/s-l300.jpg
Saint Laurent Unisex Square/Rectangle Black Black Yellow Fashion Designer,134.99,https://i.ebayimg.com/images/g/B2kAAeSwXWxoCr5S/s-l300.jpg
Gucci Mens Square/Rectangle Havana Havana Brown Fashion Designer Eyewear,134.99,https://i.ebayimg.com/images/g/SiwAAeSw0rloCr8E/s-l300.jpg
Salvatore Ferragamo Grey Square Men's Sunglasses SF910S 003 54 SF910S 003 54,82.99,https://i.ebayimg.com/images/g/MtUAAOSwqj1nXaqR/s-l300.jpg
Moschino Grey Shaded Green Cat Eye Ladies Sunglasses MOS122/S 071C/JE 53,61.99,https://i.ebayimg.com/images/g/BQoAAeSwlDxn2ujb/s-l300.jpg
Lacoste Men's Sunglasses Polycarbonate Lens Light Gunmetal Metal Frame L188S 035,51.99,https://i.ebayimg.com/images/g/zlMAAOSwIEdm0d73/s-l300.jpg
Carrera Brown Gradient Pilot Unisex Sunglasses CARRERA 1045/S 02M2/HA 61,51.99,https://i.ebayimg.com/images/g/C~kAAOSw89RnfqCM/s-l300.jpg
JanSport Cross Town 100% Authentic Casual Casual School Backpack 13x8.5x17,43.88,https://i.ebayimg.com/images/g/2dwAAOSw4y1lzyzj/s-l300.jpg
Ben Davis Unisex Tote Bag 100% Cotton Canvas Fabric Hickory Stripe Pocket Bag,41.88,https://i.ebayimg.com/images/g/3k4AAOSwEB1k5cw9/s-l300.jpg
Hugo Boss Hat Square Logo One Size Fits All Adjustable Baseball Style Hat,34.88,https://i.ebayimg.com/images/g/kx8AAOSwRdRn3mc6/s-l300.jpg
Guess Women's Sunglasses Full Rim Violet Plastic Cat Eye Shape Frame GU8260 83Y,31.99,https://i.ebayimg.com/images/g/lboAAOSw8DFlTUDU/s-l300.jpg
"Black Clover Premium Clover 107 Fitted Golf Hat, Large/X-Large Purple",24.85,https://i.ebayimg.com/images/g/wjMAAeSw4wBnpRGl/s-l300.jpg
PUMA Unisex Clydes Closet Basketball Bucket Hat Black Size L/XL,17.99,https://i.ebayimg.com/images/g/SIoAAeSwRW1n7sYz/s-l300.jpg
"Compact 9"" Pink Floral Umbrella Opens to Giant 42"" Umbrella + With FREE Case 12z",11.95,https://i.ebayimg.com/images/g/ItwAAOSw39VmCELO/s-l300.jpg
PUMA Unisex Mini Cat Watchman Beanie Orange Size OSFA,9.99,https://i.ebayimg.com/images/g/wtIAAeSwF61n7smd/s-l300.jpg
DBFL1 Men's Genuine Leather Bi-Fold Multi-Window Wallet Black,9.99,https://i.ebayimg.com/images/g/w7QAAOSwn6llRq7H/s-l300.jpg
Hugo Boss Polarized Bronze Square Men's Sunglasses BOSS 1434/S 0807/SP 56,72.99,https://i.ebayimg.com/images/g/PvIAAeSwigtnqZuX/s-l300.jpg
Gucci Grey Butterfly Ladies Sunglasses GG1071S 001 55 GG1071S 001 55,175.99,https://i.ebayimg.com/images/g/kBwAAOSwCmZnPQ72/s-l300.jpg
Gucci Grey Gradient Cat Eye Ladies Sunglasses GG0022S 001 57 GG0022S 001 57,167.99,https://i.ebayimg.com/images/g/mC8AAeSwJWVn-ozb/s-l300.jpg
Gucci Grey Square Men's Sunglasses GG1116S 001 51 GG1116S 001 51,145.99,https://i.ebayimg.com/images/g/L5sAAOSwq6VnhK55/s-l300.jpg
Gucci Grey Round Ladies Sunglasses GG0416SK 002 55 GG0416SK 002 55,203.99,https://i.ebayimg.com/images/g/QlkAAeSw5ypnrhVU/s-l300.jpg
Garrett Leight TORREY SUN Green Square Sunglasses 2148 DGFR/GRN 51,134.99,https://i.ebayimg.com/images/g/resAAeSwwOFn8A-Y/s-l300.jpg
Garrett Leight TORREY SUN G15 Square Sunglasses 2148 BK/G15 51 2148 BK/G15 51,134.99,https://i.ebayimg.com/images/g/8G0AAeSwR8Nn8BAB/s-l300.jpg
Burberry Meryl Polarized Dark Grey Butterfly Ladies Sunglasses BE4393F 405181 54,113.99,https://i.ebayimg.com/images/g/ERYAAeSwMtBn8AX3/s-l300.jpg
Jimmy Choo Grey Shaded Pilot Ladies Sunglasses JIMENA/S 0LKS/GB 60,102.99,https://i.ebayimg.com/images/g/I0QAAOSwCptnPVHF/s-l300.jpg
Jimmy Choo Grey Gradient Square Ladies Sunglasses TOTTA/G/S 0086/HA 56,102.99,https://i.ebayimg.com/images/g/pkEAAOSwkj9nPVGB/s-l300.jpg
Jimmy Choo Grey Pilot Ladies Sunglasses OLLY/S 02M2/9O 60 OLLY/S 02M2/9O 60,102.99,https://i.ebayimg.com/images/g/zHcAAOSwdEVnPW0l/s-l300.jpg
Gucci Grey Gradient Square Ladies Sunglasses GG0713S 006 55 GG0713S 006 55,192.99,https://i.ebayimg.com/images/g/~o4AAeSwDA5n8AOP/s-l300.jpg
Versace Dark Grey Butterfly Ladies Sunglasses VE2256 100287 60 VE2256 100287 60,124.99,https://i.ebayimg.com/images/g/zY0AAeSw0IBn8AZb/s-l300.jpg
Garrett Leight WEBSTER SUN Blue Smoke Cat Eye Sunglasses 2138 VINBRT/BS 49,113.99,https://i.ebayimg.com/images/g/8VgAAeSwAtln8BA2/s-l300.jpg
Moschino Brown Cat Eye Ladies Sunglasses MOS130/S 0LHF/HA 55 MOS130/S 0LHF/HA 55,61.99,https://i.ebayimg.com/images/g/CQYAAeSwxidn8AZo/s-l300.jpg
Gucci Grey Gradient Square Ladies Sunglasses GG0632S 001 56 GG0632S 001 56,145.99,https://i.ebayimg.com/images/g/3hQAAeSwncJn~oBw/s-l300.jpg
Hugo Boss Grey Rectangular Men's Sunglasses BOSS 1649/S 080S/IR 52,61.99,https://i.ebayimg.com/images/g/-PYAAeSw3nVn8BHd/s-l300.jpg
Moschino Grey Shaded Square Ladies Sunglasses MOS134/F/S 07RM/9O 58,61.99,https://i.ebayimg.com/images/g/U3IAAeSwS1Fn8Af7/s-l300.jpg
Salvatore Ferragamo Grey Gradient Square Ladies Sunglasses SF1072S 001 56,82.99,https://i.ebayimg.com/images/g/VOQAAeSwc7xn8AiD/s-l300.jpg
Salvatore Ferragamo Grey Gradient Cat Eye Ladies Sunglasses SF1073S 001 54,82.99,https://i.ebayimg.com/images/g/huQAAeSwGt5n~9Ld/s-l300.jpg
Salvatore Ferragamo Brown Gradient Cat Eye Sunglasses SF928S 606 55,82.99,https://i.ebayimg.com/images/g/l4YAAeSwRRln-oz4/s-l300.jpg
Ferragamo Green Square Men's Sunglasses SF180S 017 54 SF180S 017 54,82.99,https://i.ebayimg.com/images/g/3~4AAeSwrOBn-owD/s-l300.jpg
Salvatore Ferragamo Burgundy Oval Ladies Sunglasses SF2008S 612 55,82.99,https://i.ebayimg.com/images/g/rigAAeSwsVNn8A71/s-l300.jpg
Versace Dark Grey Butterfly Ladies Sunglasses VE4458 GB1/87 54 VE4458 GB1/87 54,138.99,https://i.ebayimg.com/images/g/mtkAAOSw1KZnk7ef/s-l300.jpg
Salvatore Ferragamo Brown Gradient Butterfly Ladies Sunglasses SF1041S 232 51,82.99,https://i.ebayimg.com/images/g/12cAAeSw-S9n1FE5/s-l300.jpg
Salvatore Ferragamo Grey Cat Eye Ladies Sunglasses SF1031S 001 53 SF1031S 001 53,82.99,https://i.ebayimg.com/images/g/81AAAeSwYpZn0v99/s-l300.jpg
Peter Grimm Sharma Faux Leather Stretch Fit Hat Baseball Cap OSFM NWT,11.95,https://i.ebayimg.com/images/g/yAwAAOSwYAtm4GC2/s-l300.jpg
Jimmy Choo Grey Cat Eye Ladies Sunglasses SPARKS/G/S 0807/IR 55 SPARKS/G/S,93.99,https://i.ebayimg.com/images/g/ZLMAAOSw3-hnPW4Q/s-l300.jpg
Salvatore Ferragamo Brown Rectangular Men's Sunglasses SF2015S 242 53,82.99,https://i.ebayimg.com/images/g/gCgAAOSwPwVnpaPU/s-l300.jpg
Garrett Leight WEBSTER SUN Bordeaux Cat Eye Sunglasses 2138 MSTO/BOR 49,103.99,https://i.ebayimg.com/images/g/6f8AAeSwGN5n8BBn/s-l300.jpg
Saint Laurent Black Cat Eye Ladies Sunglasses SL 552 001 51 SL 552 001 51,207.99,https://i.ebayimg.com/images/g/a3QAAeSwtI5n5Xq~/s-l300.jpg
"Black Clover Women's Happiness 5 Adjustable Golf Hat, NEW",24.85,https://i.ebayimg.com/images/g/Pp4AAeSwVkRnpqe2/s-l300.jpg
"Bejeweled Eyeglass Chain for Foster Grant Reading Glasses, Distance Glasses 9z",9.95,https://i.ebayimg.com/images/g/P2IAAOSwahhm~3ZH/s-l300.jpg
Garrett Leight MANZANITA SUN California Dream Gradient Oval Sunglasses 2151,155.99,https://i.ebayimg.com/images/g/tbYAAeSwzaFn8A-W/s-l300.jpg
Gucci Grey Square Ladies Sunglasses GG0998S 001 52 GG0998S 001 52,176.99,https://i.ebayimg.com/images/g/bPYAAeSwWHpn8ASX/s-l300.jpg
Gucci Grey Cat Eye Ladies Sunglasses GG0636SK 001 56 GG0636SK 001 56,145.99,https://i.ebayimg.com/images/g/S5QAAeSwKBpn8AYH/s-l300.jpg
Gucci Grey Gradient Pilot Unisex Sunglasses GG0062S 003 57 GG0062S 003 57,259.99,https://i.ebayimg.com/images/g/3EoAAeSwXAFn4tIx/s-l300.jpg
Saint Laurent Grey Gradient Cat Eye Ladies Sunglasses SL M103 001 58,217.99,https://i.ebayimg.com/images/g/V1MAAeSwKGJn5XXL/s-l300.jpg
Burberry Blue Shield Men's Sunglasses BE4401U 300155 30 BE4401U 300155 30,134.99,https://i.ebayimg.com/images/g/AJ0AAeSwE01n8Ai-/s-l300.jpg
Versace Dark Grey Rectangular Men's Sunglasses VE4430U GB1/81 53 VE4430U GB1/81,165.99,https://i.ebayimg.com/images/g/H04AAeSwD0Zn8AjB/s-l300.jpg
Garrett Leight MEADOW SUN Waning Moon Gradient Square Ladies Sunglasses 4067,165.99,https://i.ebayimg.com/images/g/I3oAAeSwxidn8BCG/s-l300.jpg
Garrett Leight MEADOW SUN Olive Gradient Square Ladies Sunglasses 4067 G-DGFR/OG,165.99,https://i.ebayimg.com/images/g/DzQAAeSw-h5n8A~N/s-l300.jpg
Garrett Leight MEADOW SUN Brunette Square Ladies Sunglasses 4067,165.99,https://i.ebayimg.com/images/g/H8oAAeSwGwRn8BBJ/s-l300.jpg
Gucci Violet Logo Clip-On Cat Eye Ladies Sunglasses GG1542S 002 55,290.99,https://i.ebayimg.com/images/g/fnwAAOSwx01nk0hl/s-l300.jpg
Dior DIORPACIFIC S1U Dark Grey Rectangular Ladies Sunglasses CD40098U 01A 53,311.99,https://i.ebayimg.com/images/g/boAAAeSw90loASRn/s-l300.jpg
Gucci Gradient Grey Square Ladies Sunglasses GG0141SN 001 53 GG0141SN 001 53,195.99,https://i.ebayimg.com/images/g/AoUAAeSw9Etn4tJC/s-l300.jpg
Gucci Grey Gradient Square Ladies Sunglasses GG0762S 001 56 GG0762S 001 56,153.99,https://i.ebayimg.com/images/g/4ioAAeSwImNn8APh/s-l300.jpg
Gucci Grey Rectangular Men's Sunglasses GG1583S 001 56 GG1583S 001 56,145.99,https://i.ebayimg.com/images/g/C34AAeSw7nJn8BHh/s-l300.jpg
Jimmy Choo Brown Gradient Pilot Ladies Sunglasses JIMENA/S 006J/HA 60,102.99,https://i.ebayimg.com/images/g/FSMAAOSwAYlnPVEW/s-l300.jpg
Jimmy Choo Grey Shaded Pilot Ladies Sunglasses JIMENA/S 02M2/9O 60,102.99,https://i.ebayimg.com/images/g/tkAAAOSwNgZnPRBd/s-l300.jpg
Garrett Leight GLCO X ANDRe SARAIVA SUN New Gradient Oval Ladies Sunglasses 2082,124.99,https://i.ebayimg.com/images/g/~loAAeSwhvZn8A~M/s-l300.jpg
Gucci Grey Navigator Men's Sunglasses GG0529S 001 60 GG0529S 001 60,203.99,https://i.ebayimg.com/images/g/3YMAAeSw58Jn8AJx/s-l300.jpg
PUMA Unisex LUXE SPORT Backpack Black Size OSFA,69.99,https://i.ebayimg.com/images/g/vGoAAeSwbF5n7sbV/s-l300.jpg
Versace Dark Gray Square Ladies Sunglasses VE2227 100287 59 VE2227 100287 59,145.99,https://i.ebayimg.com/images/g/BtsAAeSwHaBn8AUS/s-l300.jpg
Dior DIORCLUB M1U Mirror Blue Star Print Shield Ladies Sunglasses CD40042U 91C,277.99,https://i.ebayimg.com/images/g/3x0AAeSwubJn8AXJ/s-l300.jpg
Burberry Pippa Gradient Grey Round Ladies Sunglasses BE3132 11098G 58,124.99,https://i.ebayimg.com/images/g/SRcAAeSwmmpn8APX/s-l300.jpg
Gucci Grey Ladies Square Sunglasses GG1402S 001 55 GG1402S 001 55,176.99,https://i.ebayimg.com/images/g/N84AAeSwS1ln8AWw/s-l300.jpg
Burberry Light Blue Irregular Men's Sunglasses BE3146 100572 56 BE3146 100572 56,124.99,https://i.ebayimg.com/images/g/V58AAeSwflpnycSC/s-l300.jpg
Celine Smoke Gradient Geometric Ladies Sunglasses CL40230F 01B 58 CL40230F 01B,259.99,https://i.ebayimg.com/images/g/gtkAAeSwUTFoASPc/s-l300.jpg
PUMA Unisex PRIME Classic Bucket Hat Black Size S/M,14.99,https://i.ebayimg.com/images/g/fkkAAeSwcZRn7sbK/s-l300.jpg
Gucci Brown Square Ladies Sunglasses GG0022S 003 57 GG0022S 003 57,176.99,https://i.ebayimg.com/images/g/h4oAAeSwQ8xn~oCQ/s-l300.jpg
Montblanc Grey Phantos Men's Sunglasses MB0294S 001 50 MB0294S 001 50,197.99,https://i.ebayimg.com/images/g/V2oAAOSwTbRnfhfS/s-l300.jpg
"Gigantic Automatic Golf 60"" Umbrellas (open with the push of a button)",24.95,https://i.ebayimg.com/images/g/WC4AAOSwFfdlPxfj/s-l300.jpg
Vogue Women's Sunglasses Azure Mirror Gradient Lens Plastic 0VO5294S 27647C,43.99,https://i.ebayimg.com/images/g/Ub4AAOSwGtNkihat/s-l300.jpg
Versace Men's Sunglasses Blue Plastic Square Full Rim Frame 0VE4468U 545081,140.99,https://i.ebayimg.com/images/g/LsAAAOSwzWdm~B1W/s-l300.jpg
Tommy Hilfiger Unisex Sunglasses Black Azure Half Rim Frame TJ 0098/S OY4 TE,44.99,https://i.ebayimg.com/images/g/DE8AAOSw3v9nUMD1/s-l300.jpg
Salvatore Ferragamo Women's Sunglasses Tortoise Plastic Full Rim SF1031S 214,86.99,https://i.ebayimg.com/images/g/JPYAAOSwZA9mJ9M6/s-l300.jpg
Roberto Cavalli Women's Sunglasses Red Acetate Round Full Rim Frame SRC004M 09EZ,109.99,https://i.ebayimg.com/images/g/jagAAOSwHh5nhXJx/s-l300.jpg
Carrera Grey Shaded Navigator Unisex Sunglasses CARRERA 1046/S 00JU/9O 99,48.99,https://i.ebayimg.com/images/g/-ZYAAeSwAqhn9-mh/s-l300.jpg
Philipp Plein Women's Sunglasses Polished Yellow Gold Metal Aviator SPP076V 400G,607.99,https://i.ebayimg.com/images/g/m1wAAOSwBtxn5cpu/s-l300.jpg
Carrera Grey Gradient Pilot Unisex Sunglasses CARRERA 1034/S 0Y11/9O 63,48.99,https://i.ebayimg.com/images/g/GAMAAeSwOQJn8AUy/s-l300.jpg
Nike Men's Sunglasses Black Full Rim Rectangular NIKE SKYLON ACE M FQ4684 010,51.99,https://i.ebayimg.com/images/g/5UIAAOSwL-Bn5rZB/s-l300.jpg
Carrera Brown Shaded Blue Mirror Pilot Unisex Sunglasses CARRERA 1034/S 02M2/A8,48.99,https://i.ebayimg.com/images/g/sMUAAeSwFe1n0F3D/s-l300.jpg
Mykita Unisex Sunglasses Antique White Oval Frame COLLAB-ELEKTRA-ANTIQUE WHITE,117.99,https://i.ebayimg.com/images/g/0MkAAOSw2Plnyhse/s-l300.jpg
Carrera Grey Rectangular Men's Sunglasses CARRERA 218./S 0003/IR 58,48.99,https://i.ebayimg.com/images/g/xBkAAeSw0E9n~9Io/s-l300.jpg
Miu Miu Women's Sunglasses Gold and Black Butterfly MIU MIU 0MU 56RS ZVN0A761,114.99,https://i.ebayimg.com/images/g/ICUAAOSwBOpkie~d/s-l300.jpg
Carrera Grey Shaded Navigator Men's Sunglasses CARRERA 1047/S 0OIT/9O 62,48.99,https://i.ebayimg.com/images/g/4UgAAeSwT2xn~9Kb/s-l300.jpg
Burberry Dark Grey Cat Eye Ladies Sunglasses BE4405F 300187 51 BE4405F 300187 51,111.99,https://i.ebayimg.com/images/g/ZuAAAeSwjiVn8AZq/s-l300.jpg
Burberry Dark Grey Pilot Men's Sunglasses BE4417U 300187 58 BE4417U 300187 58,145.99,https://i.ebayimg.com/images/g/mmsAAeSwqG9n8AkX/s-l300.jpg
Lacoste Dark Grey Square Unisex Sunglasses L813S 424 54 L813S 424 54,46.99,https://i.ebayimg.com/images/g/n3MAAeSw3-5n8ANn/s-l300.jpg
Lacoste Black Square Unisex Sunglasses L664S 001 55 L664S 001 55,46.99,https://i.ebayimg.com/images/g/5gMAAeSw-oRn8AO1/s-l300.jpg
Lacoste Green Gradient Square Men's Sunglasses L683S 315 55 L683S 315 55,46.99,https://i.ebayimg.com/images/g/S9EAAeSwKBZn8AHx/s-l300.jpg
Lacoste Grey Pilot Unisex Sunglasses L193S 035 58 L193S 035 58,46.99,https://i.ebayimg.com/images/g/bdAAAeSwT8Bn5XUv/s-l300.jpg
Carrera Green Pilot Unisex Sunglasses BOUND 001Q/QT 62 BOUND 001Q/QT 62,51.99,https://i.ebayimg.com/images/g/1rYAAeSwpyRn6BdE/s-l300.jpg
Jimmy Choo Grey Shaded Butterfly Ladies Sunglasses LIDIE/F/SK 0807/9O 59,93.99,https://i.ebayimg.com/images/g/ApAAAOSwifhnPREF/s-l300.jpg
Marc Jacobs Grey Square Ladies Sunglasses MARC 574/S 0807/IR 59 MARC 574/S,61.99,https://i.ebayimg.com/images/g/J~8AAeSwigtn0F4u/s-l300.jpg
Balenciaga Grey Phantos Ladies Sunglasses BB0096S 011 51 BB0096S 011 51,219.99,https://i.ebayimg.com/images/g/CGAAAOSwXblnPQ97/s-l300.jpg
Carrera Grey Shaded Browline Men's Sunglasses CARRERA 22/N 080S/9O 63,51.99,https://i.ebayimg.com/images/g/Jy4AAeSwhx9n8ASf/s-l300.jpg
Carrera Grey Gradient Square Men's Sunglasses GRAND PRIX 3 080S/9O 64,51.99,https://i.ebayimg.com/images/g/q~EAAeSwEQpnvedV/s-l300.jpg
Carrera Grey Square Men's Sunglasses CARRERA DUCATI 018/S 0807/IR 58,51.99,https://i.ebayimg.com/images/g/hA0AAeSwtu5n8AfT/s-l300.jpg
John Varvatos Brown Oval Men's Sunglasses V532 0YLC 51 V532 0YLC 51,41.99,https://i.ebayimg.com/images/g/XnkAAeSwjC9n9-mJ/s-l300.jpg
Prada Gray Gradient Irregular Ladies Sunglasses PR 07YS 142130 53 PR 07YS 142130,225.99,https://i.ebayimg.com/images/g/ZzMAAOSw6CBnPQ~5/s-l300.jpg
Salvatore Ferragamo Green Square Men's Sunglasses SF1015S 214 52 SF1015S 214 52,82.99,https://i.ebayimg.com/images/g/dxQAAeSwYohn1FDo/s-l300.jpg
Salvatore Ferragamo Grey Navigator Men's Sunglasses SF298S 037 59 SF298S 037 59,82.99,https://i.ebayimg.com/images/g/NK8AAeSwHFdnrDe9/s-l300.jpg
Carrera Green Browline Men's Sunglasses CARRERA 172/N/S 0003/QT 58,50.99,https://i.ebayimg.com/images/g/pyYAAeSwXHJoB7vA/s-l300.jpg
Carrera Polarized Grey Square Men's Sunglasses CARRERA 261/S 008A/M9 53,50.99,https://i.ebayimg.com/images/g/HGEAAeSwdRtoB7ry/s-l300.jpg
Carrera Polarized Grey Square Unisex Sunglasses CARRERA 259/S 0807 55,50.99,https://i.ebayimg.com/images/g/ACMAAeSw8sRoB7uG/s-l300.jpg
Salvatore Ferragamo Dark Grey Gradient Pilot Unisex Sunglasses SF157S 069 60,82.99,https://i.ebayimg.com/images/g/Vo8AAOSwG5RnkRW8/s-l300.jpg
Carrera Grey Shaded Navigator Men's Sunglasses CARRERA 1047/S 02M2/9O 62,50.99,https://i.ebayimg.com/images/g/aYcAAeSwH7xoB7sf/s-l300.jpg
Salvatore Ferragamo Grey Square Ladies Sunglasses SF1012S 001 53 SF1012S 001 53,82.99,https://i.ebayimg.com/images/g/z7YAAeSw25Vn0a~V/s-l300.jpg
Ferragamo Black Cat Eye Ladies Sunglasses SF928S 001 55 SF928S 001 55,82.99,https://i.ebayimg.com/images/g/8f8AAeSwMbtn8AIb/s-l300.jpg
Saint Laurent Grey Square Ladies Sunglasses SL M40 003 54 SL M40 003 54,195.99,https://i.ebayimg.com/images/g/JtIAAeSwW4hn8AUU/s-l300.jpg
Carrera Brown Pilot Unisex Sunglasses CHAMPION65/N 00MY/70 62 CHAMPION 65/N,50.99,https://i.ebayimg.com/images/g/EhQAAeSwAXhn~9IO/s-l300.jpg
Lacoste Unisex Sunglasses Grey Lens Blue Rectangular Plastic Frame L813S 424,51.99,https://i.ebayimg.com/images/g/7k0AAOSwo4hmBEHi/s-l300.jpg
Carrera Brown Navigator Men's Sunglasses CARRERA 256/S 0J5G/70 58 CARRERA 256/S,48.99,https://i.ebayimg.com/images/g/D-cAAeSwezpnufKj/s-l300.jpg
Salvatore Ferragamo Burgundy Gradient Sport Ladies Sunglasses SF302SL 049 60,75.99,https://i.ebayimg.com/images/g/01YAAeSwGTJn~9Lh/s-l300.jpg
Just Cavalli Women's Sunglasses Shiny Transparent Peach Square Frame SJC023 06M5,74.99,https://i.ebayimg.com/images/g/RCoAAOSwZP5mS2NQ/s-l300.jpg
Hugo Boss Men's Sunglasses Matte Black Grey Plastic Frame BOSS 1556/O/S 0O6W T4,60.99,https://i.ebayimg.com/images/g/iogAAOSwtxhlz7OS/s-l300.jpg
Salvatore Ferragamo Brown Gradient Round Ladies Sunglasses SF600S 220 61,78.99,https://i.ebayimg.com/images/g/Ax8AAeSwRFdn7AuI/s-l300.jpg
Polo Ralph Lauren Hat Bear Rib-Knit Beanie Beanie Cap Black,59.95,https://i.ebayimg.com/images/g/vFcAAOSwdQtmJXXn/s-l300.jpg
Garrett Leight Unisex Sunglasses Pure Glass Rectangular Frame GL 3030 PG/SFPLU,60.99,https://i.ebayimg.com/images/g/05MAAOSwpZFnyxiM/s-l300.jpg
Lacoste Grey Browline Men's Sunglasses L984S 001 57 L984S 001 57,46.99,https://i.ebayimg.com/images/g/VwsAAeSwioRoA8aP/s-l300.jpg
Gucci Men's Sunglasses Havana Acetate Square Shape Frame Grey Lens GG1217S 003,164.99,https://i.ebayimg.com/images/g/PNkAAOSwwHNl36wK/s-l300.jpg
Lacoste Blue Sport Men's Sunglasses L992S 001 51 L992S 001 51,46.99,https://i.ebayimg.com/images/g/yh4AAeSwTLdoA8aQ/s-l300.jpg
Dolce & Gabbana Men's Sunglasses Matte Black Full Rim 0DG6195 25257N,228.99,https://i.ebayimg.com/images/g/5hwAAOSwTDFmZ2GE/s-l300.jpg
David Beckham Men's Sunglasses Gold Frame Silver Sp Lens DB 7019/S 0J5G T4,60.99,https://i.ebayimg.com/images/g/TTIAAOSwCzdnv3kB/s-l300.jpg
Carrera Blue Multilayer Browline Men's Sunglasses CARRERA 8055/S 0KB7/Z0 58,50.99,https://i.ebayimg.com/images/g/fcIAAOSwIxhnH9Uc/s-l300.jpg
Carrera Brown Gradient Navigator Men's Sunglasses CARRERA 273/S 0807/HA 59,51.99,https://i.ebayimg.com/images/g/eTUAAeSwtu5n8AQ8/s-l300.jpg
Carrera Grey Gold Mirror Pilot Unisex Sunglasses ENDURANCE 65/N 0003/JO 63,51.99,https://i.ebayimg.com/images/g/4noAAeSwX~9n~9H6/s-l300.jpg
Carrera Brown Gold Mirror Navigator Unisex Sunglasses CARRERA 1001/S 0OIT/K1 62,51.99,https://i.ebayimg.com/images/g/47UAAOSwFc1npFKH/s-l300.jpg
Carrera Men's Sunglasses Black Red Plastic Navigator Full Rim 1047/S 0OIT 9O,43.99,https://i.ebayimg.com/images/g/PjEAAOSwLZVmq5aE/s-l300.jpg
Carrera Men's Sunglasses Matte Black Frame Red Lens CARRERA 8047/S 0003 UZ,53.99,https://i.ebayimg.com/images/g/emMAAOSwcHpnv3hT/s-l300.jpg
Burberry Women's Sunglasses Transparent Frame Light Azure Lens 0BE4408 302480,140.99,https://i.ebayimg.com/images/g/kbYAAOSwD-hmAw9F/s-l300.jpg
Banana Republic Men's Sunglasses Ruthenium Metal Aviator Frame BR 4004/S 06LB 9O,25.99,https://i.ebayimg.com/images/g/HzUAAOSwkbtnnQ7c/s-l300.jpg
"Levi's L-Pack Slim Packable Unisex 17""x11""x5"" Backpack NWT Pick Color",19.95,https://i.ebayimg.com/images/g/BSQAAOSwsGlmxgDa/s-l300.jpg
Lacoste Dark Grey Square Unisex Sunglasses L813S 001 54 L813S 001 54,46.99,https://i.ebayimg.com/images/g/NVoAAeSwc5FnyHOd/s-l300.jpg
Hugo Boss Polarized Bronze Rectangular Men's Sunglasses BOSS 1227/U/S 0SVK/SP 63,61.99,https://i.ebayimg.com/images/g/LpgAAeSwOOpoA8dn/s-l300.jpg
Carrera Grey Shaded Pilot Men's Sunglasses CARRERA 1057/S 080S/9O 64,51.99,https://i.ebayimg.com/images/g/QNMAAOSwbwdnUiV-/s-l300.jpg
Lacoste Blue Rectangular Ladies Sunglasses L6002S 970 53 L6002S 970 53,46.99,https://i.ebayimg.com/images/g/FEoAAeSwxidn8Aqg/s-l300.jpg
Peter Grimm Roddy Corduroy Adjustable Men's Baseball Cap OSFM NWT Green Fog,19.95,https://i.ebayimg.com/images/g/Kg0AAOSwL0Bm1y2X/s-l300.jpg
Lacoste Black Square Unisex Sunglasses L662S 001 54 L662S 001 54,46.99,https://i.ebayimg.com/images/g/5sEAAeSwYOBnycV9/s-l300.jpg
